<?xml version="1.0" encoding="UTF-8"?>
<beans xmlns="http://www.springframework.org/schema/beans"
       xmlns:xsi="http://www.w3.org/2001/XMLSchema-instance"
       xmlns:context="http://www.springframework.org/schema/context"
       xmlns:mvc="http://www.springframework.org/schema/mvc"
       xsi:schemaLocation="http://www.springframework.org/schema/beans http://www.springframework.org/schema/beans/spring-beans.xsd http://www.springframework.org/schema/context http://www.springframework.org/schema/context/spring-context.xsd http://www.springframework.org/schema/mvc http://www.springframework.org/schema/mvc/spring-mvc.xsd">


    <context:component-scan base-package="com.gemini.spring.rest"/>
    <bean class="org.springframework.web.servlet.mvc.annotation.DefaultAnnotationHandlerMapping"/>
    <!--<bean class="org.springframework.web.servlet.mvc.annotation.AnnotationMethodHandlerAdapter"/>-->

    <bean id="xmlMessageConverter" class="org.springframework.http.converter.xml.MarshallingHttpMessageConverter">
        <property name="supportedMediaTypes" value="application/xml"/>
    </bean>

    <bean id="jsonHttpMessageConverter" class="org.springframework.http.converter.json.MappingJacksonHttpMessageConverter">
        <property name="prefixJson" value="false"/>
        <property name="supportedMediaTypes" value="application/json"/>
    </bean>

    <bean  class="org.springframework.web.servlet.mvc.annotation.AnnotationMethodHandlerAdapter">
        <property name="messageConverters">
            <list >
                <ref bean="xmlMessageConverter"/>
                <ref bean="jsonHttpMessageConverter"/>
            </list>
        </property>
    </bean>

    <!--
    <mvc:annotation-driven /> declares explicit support for annotation-driven MVC controllers (i.e. @RequestMapping, @Controller, although support for those is the default behaviour), as well as adding support for declrative validation via @Valid and message body marshalling with @RequestBody/ResponseBody.
    -->
    <mvc:annotation-driven/>




    <bean class="org.springframework.web.servlet.view.ContentNegotiatingViewResolver">
        <property name="order" value="1"/>
        <property name="mediaTypes">
            <map>
                <entry key="json" value="application/json" />
                <entry key="xml" value="application/xml"/>
                <entry key="html" value="text/html"/>
            </map>
        </property>
        <property name="defaultViews">

            <list>
                <!-- JSON VIEW -->
                <bean class="org.springframework.web.servlet.view.json.MappingJacksonJsonView"/>

                <!-- XMl VIEW -->
                <bean  class="org.springframework.web.servlet.view.xml.MarshallingView">
                    <constructor-arg ref="jaxbMarshaller" />
                </bean>

            </list>

        </property>

        <!--<property name="ignoreAcceptHeader" value="true" />-->
    </bean>

    <bean id="jaxbMarshaller" class="org.springframework.oxm.jaxb.Jaxb2Marshaller">
        <property name="classesToBeBound">
            <list>
                <value>com.gemini.spring.entity.User</value>
                <value>com.gemini.spring.entity.Users</value>
            </list>
        </property>
    </bean>



            <!--<bean class="org.springframework.web.servlet.view.BeanNameViewResolver"/>-->
            <bean id="viewResolver" class="org.springframework.web.servlet.view.UrlBasedViewResolver">
                <property name="viewClass" value="org.springframework.web.servlet.view.JstlView"/>
                <property name="prefix" value="/jsp/"/>
                <property name="suffix" value=".jsp"/>
            </bean>




</beans>